{"cameraMode":{"drawMode":0,"name":"Shaded","section":"Shading Mode"},"sceneLighting":true,"audioPlay":false,"sceneViewState":{"m_AlwaysRefresh":false,"showFog":true,"showSkybox":true,"showFlares":true,"showImageEffects":true,"showParticleSystems":true,"showVisualEffectGraphs":true,"m_FxEnabled":true},"in2DMode":false,"pivot":{"x":368.2041320800781,"y":223.83316040039063,"z":-246.17318725585938},"rotation":{"x":0.025184432044625284,"y":-0.012899177148938179,"z":-0.00032895017648115754,"w":-0.9996036887168884},"size":115.58104705810547,"orthographic":false}